{"activityLevel":180004,"activityList":[{"a":15002,"b":560.0,"c":0.0,"d":4618986},{"a":-1,"b":15.670363,"c":239.78818,"d":182384}],"age":31,"gender":"M","height":182.5,"stepCount":744,"weight":90.0}