{"activityLevel":180004,"activityList":[{"activeTime":3606720,"calorie":321.35004,"distance":5092.9175,"type":1001},{"activeTime":634980,"calorie":52.39081,"distance":802.87897,"type":-1}],"age":32,"gender":"M","height":182.5,"stepCount":7328,"weight":90.0}