{"activityLevel":180004,"activityList":[{"a":7002,"b":192.0,"c":0.0,"d":792547},{"a":15002,"b":590.0,"c":0.0,"d":4863086},{"a":-1,"b":26.87372,"c":406.49744,"d":329628}],"age":31,"gender":"M","height":182.5,"stepCount":1096,"weight":90.0}