{"activityLevel":180004,"activityList":[{"activeTime":870001,"calorie":167.0,"distance":2269.86,"type":1002},{"activeTime":3951369,"calorie":479.0,"distance":0.0,"type":15002},{"activeTime":353631,"calorie":29.648088,"distance":463.54282,"type":-1}],"age":31,"gender":"M","height":182.5,"stepCount":2844,"weight":90.0}