{"activityLevel":180004,"activityList":[{"activeTime":1066960,"calorie":256.14,"distance":2625.0247,"type":1002},{"activeTime":3744588,"calorie":454.0,"distance":0.0,"type":15002},{"activeTime":148720,"calorie":11.548371,"distance":179.21957,"type":-1}],"age":30,"gender":"M","height":182.5,"stepCount":2995,"weight":90.0}