{"activityLevel":180004,"activityList":[{"a":-1,"b":64.13682,"c":1012.48975,"d":823068}],"age":32,"gender":"M","height":182.5,"stepCount":1254,"weight":90.0}