{"activityLevel":180004,"activityList":[{"activeTime":1173920,"calorie":84.40001,"distance":1231.4702,"type":1001},{"activeTime":4302071,"calorie":522.0,"distance":0.0,"type":15002},{"activeTime":3660766,"calorie":292.45145,"distance":4502.6406,"type":-1}],"age":30,"gender":"M","height":182.5,"stepCount":7608,"weight":90.0}