{"activityLevel":180004,"activityList":[{"activeTime":1327280,"calorie":292.65,"distance":2930.2615,"type":1002},{"activeTime":4632334,"calorie":562.0,"distance":0.0,"type":15002},{"activeTime":157410,"calorie":12.106799,"distance":189.10158,"type":-1}],"age":31,"gender":"M","height":182.5,"stepCount":3355,"weight":90.0}