{"activityLevel":180004,"activityList":[{"a":7002,"b":164.0,"c":0.0,"d":677698},{"a":15002,"b":2297.4375,"c":0.0,"d":18938191},{"a":-1,"b":12.391651,"c":170.09523,"d":116610}],"age":31,"gender":"M","height":182.5,"stepCount":1221,"weight":90.0}