{"activityLevel":180004,"activityList":[{"activeTime":67151727,"calorie":8147.0664,"distance":0.0,"type":15002},{"activeTime":24779,"calorie":2.0022073,"distance":29.721352,"type":-1}],"age":30,"gender":"M","height":182.5,"stepCount":2030,"weight":93.1}