{"activityLevel":180004,"activityList":[{"a":7002,"b":156.0,"c":0.0,"d":646139},{"a":0,"b":4.74485,"c":0.0,"d":39262},{"a":15002,"b":591.0,"c":0.0,"d":4874476},{"a":-1,"b":127.27833,"c":1965.5724,"d":1588095}],"age":31,"gender":"M","height":182.5,"stepCount":3411,"weight":90.0}