{"activityLevel":180004,"activityList":[{"activeTime":4348213,"calorie":527.0,"distance":0.0,"type":15002},{"activeTime":1672640,"calorie":339.69,"distance":3535.045,"type":1002},{"activeTime":284762,"calorie":22.376797,"distance":343.64102,"type":-1}],"age":32,"gender":"M","height":182.5,"stepCount":4108,"weight":90.0}