{"activityLevel":180004,"activityList":[{"a":15002,"b":433.0,"c":0.0,"d":3572459},{"a":-1,"b":6.5058823,"c":99.309296,"d":82799}],"age":32,"gender":"M","height":182.5,"stepCount":551,"weight":90.0}