{"activityLevel":180004,"activityList":[{"a":7002,"b":160.0,"c":0.0,"d":661198},{"a":15002,"b":188.0,"c":0.0,"d":1551676},{"a":-1,"b":16.794353,"c":258.12473,"d":214462}],"age":31,"gender":"M","height":182.5,"stepCount":970,"weight":90.0}