{"activityLevel":180004,"activityList":[{"a":15002,"b":764.0,"c":0.0,"d":6302385},{"a":-1,"b":5.9240313,"c":90.39959,"d":75371}],"age":31,"gender":"M","height":182.5,"stepCount":380,"weight":90.0}