{"activityLevel":180004,"activityList":[{"a":7002,"b":167.0,"c":0.0,"d":691916},{"a":15002,"b":482.0,"c":0.0,"d":3974053},{"a":-1,"b":18.529844,"c":283.22745,"d":223544}],"age":31,"gender":"M","height":182.5,"stepCount":1094,"weight":90.0}