{"activityLevel":180004,"activityList":[{"a":7002,"b":255.0,"c":0.0,"d":1053397},{"a":-1,"b":31.65169,"c":486.21887,"d":401770}],"age":32,"gender":"M","height":182.5,"stepCount":1082,"weight":90.0}