{"activityLevel":180004,"activityList":[{"a":15002,"b":749.0,"c":0.0,"d":6175148},{"a":-1,"b":7.6589465,"c":118.39949,"d":98716}],"age":32,"gender":"M","height":182.5,"stepCount":1059,"weight":90.0}