{"activityLevel":180004,"activityList":[{"a":15002,"b":581.0,"c":0.0,"d":4790471},{"a":-1,"b":11.358867,"c":175.99973,"d":146740}],"age":32,"gender":"M","height":182.5,"stepCount":766,"weight":90.0}