{"activityLevel":180004,"activityList":[{"activeTime":1207920,"calorie":277.31003,"distance":2839.5518,"type":1002},{"activeTime":2806878,"calorie":340.0,"distance":0.0,"type":15002},{"activeTime":188000,"calorie":15.171427,"distance":232.29745,"type":-1}],"age":31,"gender":"M","height":182.5,"stepCount":3188,"weight":90.0}