{"activityLevel":180004,"activityList":[{"a":7002,"b":167.0,"c":0.0,"d":690174},{"a":15002,"b":916.0,"c":0.0,"d":7554556},{"a":-1,"b":14.222761,"c":216.73389,"d":174679}],"age":31,"gender":"M","height":182.5,"stepCount":1267,"weight":90.0}