{"activityLevel":180004,"activityList":[{"activeTime":20154048,"calorie":2445.311,"distance":0.0,"type":15002},{"activeTime":153407,"calorie":12.830494,"distance":192.70038,"type":-1}],"age":30,"gender":"M","height":182.5,"stepCount":526,"weight":90.0}