{"activityLevel":180004,"activityList":[{"activeTime":1410720,"calorie":251.66,"distance":2630.0315,"type":1002},{"activeTime":2186721,"calorie":265.0,"distance":0.0,"type":15002},{"activeTime":253392,"calorie":19.73537,"distance":303.92664,"type":-1}],"age":30,"gender":"M","height":182.5,"stepCount":3016,"weight":90.0}