{"activityLevel":180004,"activityList":[{"a":-1,"b":1.3944669,"c":21.599998,"d":18009}],"age":32,"gender":"M","height":182.5,"stepCount":27,"weight":90.0}