{"activityLevel":180004,"activityList":[{"activeTime":722110,"calorie":135.0,"distance":1886.18,"type":1002},{"activeTime":4518160,"calorie":548.0,"distance":0.0,"type":15002},{"activeTime":186695,"calorie":16.921982,"distance":262.26407,"type":-1}],"age":30,"gender":"M","height":182.5,"stepCount":2240,"weight":90.0}