{"activityLevel":180004,"activityList":[{"a":15002,"b":525.0,"c":0.0,"d":4330126},{"a":7002,"b":177.0,"c":0.0,"d":732172},{"a":-1,"b":9.515706,"c":148.33153,"d":123421}],"age":31,"gender":"M","height":182.5,"stepCount":893,"weight":90.0}