{"activityLevel":180004,"activityList":[{"activeTime":1888000,"calorie":181.76001,"distance":2763.8022,"type":1001},{"activeTime":1750643,"calorie":136.30803,"distance":2120.6401,"type":-1}],"age":30,"gender":"M","height":182.5,"stepCount":6041,"weight":90.0}