{"activityLevel":180004,"activityList":[{"a":15002,"b":595.0,"c":0.0,"d":4908369},{"a":-1,"b":12.0213375,"c":186.40018,"d":155411}],"age":31,"gender":"M","height":182.5,"stepCount":412,"weight":90.0}