{"activityLevel":180004,"activityList":[{"a":15002,"b":567.0,"c":0.0,"d":4673205},{"a":-1,"b":8.874847,"c":133.85957,"d":109854}],"age":31,"gender":"M","height":182.5,"stepCount":452,"weight":90.0}