{"activityLevel":180004,"activityList":[{"a":7002,"b":183.0,"c":0.0,"d":755184},{"a":15002,"b":2333.1665,"c":0.0,"d":19233550},{"a":-1,"b":8.613697,"c":134.39957,"d":112056}],"age":31,"gender":"M","height":182.5,"stepCount":993,"weight":90.0}