{"activityLevel":180004,"activityList":[{"a":15002,"b":634.0,"c":0.0,"d":5232451},{"a":-1,"b":7.031863,"c":107.99974,"d":90045}],"age":32,"gender":"M","height":182.5,"stepCount":989,"weight":90.0}