{"activityLevel":180004,"activityList":[{"activeTime":6521000,"calorie":1183.0,"distance":33256.7,"type":11007},{"activeTime":727028,"calorie":56.505848,"distance":876.99164,"type":-1}],"age":32,"gender":"M","height":182.5,"stepCount":1094,"weight":90.0}