{"activityLevel":180004,"activityList":[{"a":7002,"b":209.0,"c":0.0,"d":862828},{"a":15002,"b":532.0,"c":0.0,"d":4385783},{"a":-1,"b":5.9002037,"c":90.39041,"d":74863}],"age":31,"gender":"M","height":182.5,"stepCount":937,"weight":90.0}