{"activityLevel":180004,"activityList":[{"a":15002,"b":417.0,"c":0.0,"d":3440352},{"a":-1,"b":34.544064,"c":531.12445,"d":434952}],"age":31,"gender":"M","height":182.5,"stepCount":1092,"weight":90.0}