{"activityLevel":180004,"activityList":[{"a":15002,"b":622.0,"c":0.0,"d":5130834},{"a":-1,"b":3.6329842,"c":55.999695,"d":46690}],"age":32,"gender":"M","height":182.5,"stepCount":847,"weight":90.0}