{"activityLevel":180004,"activityList":[{"a":15002,"b":728.0,"c":0.0,"d":6002796},{"a":-1,"b":11.060015,"c":170.64983,"d":142279}],"age":31,"gender":"M","height":182.5,"stepCount":549,"weight":90.0}