{"activityLevel":180004,"activityList":[{"activeTime":684222,"calorie":166.0,"distance":0.0,"type":7002},{"activeTime":18761576,"calorie":2276.3613,"distance":0.0,"type":15002},{"activeTime":184223,"calorie":15.967298,"distance":237.84976,"type":-1}],"age":31,"gender":"M","height":182.5,"stepCount":1127,"weight":90.0}