{"activityLevel":180004,"activityList":[{"a":15002,"b":350.0,"c":0.0,"d":2887353},{"a":-1,"b":23.78069,"c":361.08594,"d":290679}],"age":31,"gender":"M","height":182.5,"stepCount":551,"weight":90.0}