{"activityLevel":180004,"activityList":[{"a":15002,"b":539.0,"c":0.0,"d":4443321},{"a":-1,"b":6.900106,"c":104.664024,"d":86263}],"age":32,"gender":"M","height":182.5,"stepCount":483,"weight":90.0}