{"activityLevel":180004,"activityList":[{"a":7002,"b":147.0,"c":0.0,"d":607457},{"a":15002,"b":547.0,"c":0.0,"d":4514897},{"a":-1,"b":7.412898,"c":110.74901,"d":86047}],"age":32,"gender":"M","height":182.5,"stepCount":821,"weight":90.0}