{"activityLevel":180004,"activityList":[{"a":15002,"b":467.0,"c":0.0,"d":3853391},{"a":-1,"b":31.407003,"c":485.14322,"d":391142}],"age":31,"gender":"M","height":182.5,"stepCount":674,"weight":90.0}