{"activityLevel":180004,"activityList":[{"a":15002,"b":751.0,"c":0.0,"d":6191823},{"a":-1,"b":9.139695,"c":140.79933,"d":117392}],"age":31,"gender":"M","height":182.5,"stepCount":740,"weight":90.0}