{"activityLevel":180004,"activityList":[{"a":7002,"b":171.0,"c":0.0,"d":707251},{"a":15002,"b":542.0,"c":0.0,"d":4469840},{"a":-1,"b":4.556674,"c":70.420975,"d":58706}],"age":32,"gender":"M","height":182.5,"stepCount":701,"weight":90.0}