{"activityLevel":180004,"activityList":[{"activeTime":876213,"calorie":157.0,"distance":2204.62,"type":1002},{"activeTime":5626605,"calorie":682.0,"distance":0.0,"type":15002},{"activeTime":213744,"calorie":21.474998,"distance":314.60135,"type":-1}],"age":30,"gender":"M","height":182.5,"stepCount":2865,"weight":90.0}