{"activityLevel":180004,"activityList":[{"a":15002,"b":494.0,"c":0.0,"d":4077720},{"a":-1,"b":6.451231,"c":97.40001,"d":69361}],"age":32,"gender":"M","height":182.5,"stepCount":421,"weight":90.0}