{"activityLevel":180004,"activityList":[{"a":15002,"b":700.0,"c":0.0,"d":5776276},{"a":-1,"b":7.300218,"c":112.799446,"d":94047}],"age":31,"gender":"M","height":182.5,"stepCount":964,"weight":90.0}