{"activityLevel":180004,"activityList":[{"a":15002,"b":625.0,"c":0.0,"d":5156267},{"a":-1,"b":11.201517,"c":162.91592,"d":127023}],"age":31,"gender":"M","height":182.5,"stepCount":691,"weight":90.0}