{"activityLevel":180004,"activityList":[{"a":7002,"b":157.0,"c":0.0,"d":648149},{"a":15002,"b":532.0,"c":0.0,"d":4390839},{"a":-1,"b":15.228965,"c":234.74814,"d":189181}],"age":31,"gender":"M","height":182.5,"stepCount":1275,"weight":90.0}