{"activityLevel":180004,"activityList":[{"activeTime":1306560,"calorie":254.76999,"distance":2689.927,"type":1002},{"activeTime":3329070,"calorie":403.0,"distance":0.0,"type":15002},{"activeTime":202960,"calorie":15.833237,"distance":243.44234,"type":-1}],"age":30,"gender":"M","height":182.5,"stepCount":3109,"weight":90.0}