{"activityLevel":180004,"activityList":[{"a":15002,"b":704.0,"c":0.0,"d":5808071},{"a":-1,"b":2.4000366,"c":35.999756,"d":30015}],"age":31,"gender":"M","height":182.5,"stepCount":1099,"weight":90.0}