{"activityLevel":180004,"activityList":[{"a":15002,"b":695.0,"c":0.0,"d":5733345},{"a":-1,"b":6.3596797,"c":98.199814,"d":80840}],"age":32,"gender":"M","height":182.5,"stepCount":1098,"weight":90.0}