{"activityLevel":180004,"activityList":[{"a":15002,"b":8687.834,"c":0.0,"d":71607324},{"a":-1,"b":5.187208,"c":78.700134,"d":65366}],"age":31,"gender":"M","height":182.5,"stepCount":334,"weight":90.0}