{"activityLevel":180004,"activityList":[{"activeTime":913274,"calorie":180.0,"distance":2456.15,"type":1002},{"activeTime":4346831,"calorie":527.0,"distance":0.0,"type":15002},{"activeTime":382442,"calorie":30.275356,"distance":472.68417,"type":-1}],"age":30,"gender":"M","height":182.5,"stepCount":3086,"weight":90.0}