{"activityLevel":180004,"activityList":[{"a":15002,"b":608.0,"c":0.0,"d":5016304},{"a":-1,"b":5.0156765,"c":77.29577,"d":64445}],"age":32,"gender":"M","height":182.5,"stepCount":704,"weight":90.0}