{"activityLevel":180004,"activityList":[{"a":11007,"b":259.0,"c":0.0,"d":1326074},{"a":15002,"b":476.0,"c":0.0,"d":3930906},{"a":-1,"b":13.247135,"c":205.59996,"d":171419}],"age":31,"gender":"M","height":182.5,"stepCount":600,"weight":90.0}