{"activityLevel":180004,"activityList":[{"a":7002,"b":175.0,"c":0.0,"d":724958},{"a":15002,"b":431.0,"c":0.0,"d":3555007},{"a":-1,"b":13.218521,"c":205.55602,"d":171005}],"age":31,"gender":"M","height":182.5,"stepCount":1076,"weight":90.0}