{"activityLevel":180004,"activityList":[{"activeTime":1105007,"calorie":6.0,"distance":269.97,"type":11007},{"activeTime":749600,"calorie":94.939995,"distance":0.0,"type":0},{"activeTime":4578,"calorie":1.8640289,"distance":0.0,"type":7002},{"activeTime":479327,"calorie":42.628326,"distance":643.71906,"type":-1}],"age":31,"gender":"M","height":182.5,"stepCount":2859,"weight":90.0}