{"activityLevel":180004,"activityList":[{"a":15002,"b":627.0,"c":0.0,"d":5173394},{"a":-1,"b":10.7826805,"c":166.99333,"d":137679}],"age":31,"gender":"M","height":182.5,"stepCount":629,"weight":90.0}