{"activityLevel":180004,"activityList":[{"a":11007,"b":354.0,"c":0.0,"d":1801164},{"a":-1,"b":19.910757,"c":295.09958,"d":229708}],"age":31,"gender":"M","height":182.5,"stepCount":402,"weight":90.0}