{"activityLevel":180004,"activityList":[{"activeTime":72044403,"calorie":8740.686,"distance":0.0,"type":15002},{"activeTime":224828,"calorie":17.89531,"distance":270.27185,"type":-1}],"age":30,"gender":"M","height":182.5,"stepCount":2254,"weight":93.1}