{"activityLevel":180004,"activityList":[{"a":-1,"b":63.763634,"c":976.19037,"d":764041}],"age":31,"gender":"M","height":182.5,"stepCount":1197,"weight":90.0}