{"activityLevel":180004,"activityList":[{"activeTime":976096,"calorie":187.0,"distance":2561.45,"type":1002},{"activeTime":124065,"calorie":11.6968975,"distance":183.11694,"type":-1}],"age":30,"gender":"M","height":182.5,"stepCount":2635,"weight":90.0}