{"activityLevel":180004,"activityList":[{"activeTime":1062383,"calorie":203.0,"distance":2785.47,"type":1002},{"activeTime":262265,"calorie":22.853632,"distance":344.58987,"type":-1}],"age":30,"gender":"M","height":182.5,"stepCount":3200,"weight":90.0}