{"activityLevel":180004,"activityList":[{"a":15002,"b":689.0,"c":0.0,"d":5684029},{"a":-1,"b":4.7138243,"c":73.10052,"d":60947}],"age":32,"gender":"M","height":182.5,"stepCount":1226,"weight":90.0}