{"activityLevel":180004,"activityList":[{"a":15002,"b":487.0,"c":0.0,"d":4021997},{"a":7002,"b":151.0,"c":0.0,"d":625240},{"a":-1,"b":8.7116375,"c":129.39957,"d":96842}],"age":32,"gender":"M","height":182.5,"stepCount":810,"weight":90.0}