{"activityLevel":180004,"activityList":[{"a":15002,"b":346.0,"c":0.0,"d":2856036},{"a":-1,"b":5.7201977,"c":89.600105,"d":74704}],"age":32,"gender":"M","height":182.5,"stepCount":321,"weight":90.0}