{"activityLevel":180004,"activityList":[{"a":11007,"b":418.0,"c":0.0,"d":2116491},{"a":-1,"b":6.9244366,"c":99.39986,"d":75101}],"age":31,"gender":"M","height":182.5,"stepCount":685,"weight":90.0}