{"activityLevel":180004,"activityList":[{"a":11007,"b":381.0,"c":0.0,"d":1944992},{"a":-1,"b":12.71685,"c":191.82645,"d":154721}],"age":31,"gender":"M","height":182.5,"stepCount":943,"weight":90.0}