{"activityLevel":180004,"activityList":[{"a":15002,"b":647.0,"c":0.0,"d":5337362},{"a":-1,"b":6.0569215,"c":93.09957,"d":77372}],"age":32,"gender":"M","height":182.5,"stepCount":580,"weight":90.0}