{"activityLevel":180004,"activityList":[{"activeTime":888380,"calorie":168.0,"distance":2321.37,"type":1002},{"activeTime":4671438,"calorie":566.0,"distance":0.0,"type":15002},{"activeTime":323049,"calorie":29.685627,"distance":444.59024,"type":-1}],"age":30,"gender":"M","height":182.5,"stepCount":2955,"weight":90.0}