{"activityLevel":180004,"activityList":[{"a":7002,"b":196.0,"c":0.0,"d":808110},{"a":15002,"b":2245.958,"c":0.0,"d":18507464},{"a":-1,"b":7.722218,"c":112.34929,"d":84579}],"age":31,"gender":"M","height":182.5,"stepCount":838,"weight":90.0}