{"activityLevel":180004,"activityList":[{"a":15002,"b":490.0,"c":0.0,"d":4041949},{"a":7002,"b":152.0,"c":0.0,"d":627256},{"a":-1,"b":10.962801,"c":169.59894,"d":141404}],"age":32,"gender":"M","height":182.5,"stepCount":1270,"weight":90.0}