{"activityLevel":180004,"activityList":[{"a":15002,"b":873.0,"c":0.0,"d":7198501},{"a":-1,"b":1.60525,"c":24.799997,"d":20677}],"age":31,"gender":"M","height":182.5,"stepCount":540,"weight":90.0}