{"activityLevel":180004,"activityList":[{"a":15002,"b":683.0,"c":0.0,"d":5632525},{"a":-1,"b":15.359503,"c":235.49884,"d":194097}],"age":32,"gender":"M","height":182.5,"stepCount":1238,"weight":90.0}