{"activityLevel":180004,"activityList":[{"a":0,"b":174.26003,"c":0.0,"d":1446960},{"a":-1,"b":67.67633,"c":1010.30005,"d":744950}],"age":31,"gender":"M","height":182.5,"stepCount":2740,"weight":90.0}