{"activityLevel":180004,"activityList":[{"a":11007,"b":722.0,"c":0.0,"d":3643497},{"a":-1,"b":26.188698,"c":386.96567,"d":296024}],"age":31,"gender":"M","height":182.5,"stepCount":1026,"weight":90.0}