{"activityLevel":180004,"activityList":[{"a":15002,"b":378.0,"c":0.0,"d":3120644},{"a":-1,"b":25.223343,"c":389.29916,"d":316822}],"age":31,"gender":"M","height":182.5,"stepCount":620,"weight":90.0}