{"activityLevel":180004,"activityList":[{"activeTime":3863000,"calorie":785.0,"distance":22975.7,"type":11007},{"activeTime":712221,"calorie":55.66573,"distance":859.49207,"type":-1}],"age":32,"gender":"M","height":182.5,"stepCount":1071,"weight":90.0}