{"activityLevel":180004,"activityList":[{"activeTime":868237,"calorie":145.0,"distance":2083.93,"type":1002},{"activeTime":4327113,"calorie":525.0,"distance":0.0,"type":15002},{"activeTime":126071,"calorie":10.464962,"distance":163.75412,"type":-1}],"age":30,"gender":"M","height":182.5,"stepCount":2424,"weight":90.0}