{"activityLevel":180004,"activityList":[{"a":15002,"b":399.0,"c":0.0,"d":3293548},{"a":-1,"b":7.5658264,"c":117.20015,"d":93511}],"age":31,"gender":"M","height":182.5,"stepCount":312,"weight":90.0}