{"activityLevel":180004,"activityList":[{"a":15002,"b":663.0,"c":0.0,"d":5465765},{"a":-1,"b":7.9109263,"c":121.83065,"d":101577}],"age":32,"gender":"M","height":182.5,"stepCount":813,"weight":90.0}