{"activityLevel":180004,"activityList":[{"a":15002,"b":2371.6987,"c":0.0,"d":19510116},{"a":-1,"b":16.66961,"c":251.90065,"d":201697}],"age":31,"gender":"M","height":182.5,"stepCount":854,"weight":90.0}