{"activityLevel":180004,"activityList":[{"a":15002,"b":517.0,"c":0.0,"d":4265367},{"a":-1,"b":10.17235,"c":152.58942,"d":122049}],"age":31,"gender":"M","height":182.5,"stepCount":320,"weight":90.0}