{"activityLevel":180004,"activityList":[{"a":-1,"b":62.288914,"c":952.89075,"d":782921}],"age":31,"gender":"M","height":182.5,"stepCount":1181,"weight":90.0}