{"activityLevel":180004,"activityList":[{"a":15002,"b":372.0,"c":0.0,"d":3067891},{"a":-1,"b":50.892757,"c":757.09424,"d":591478}],"age":32,"gender":"M","height":182.5,"stepCount":1040,"weight":90.0}