{"activityLevel":180004,"activityList":[{"a":15002,"b":8679.5625,"c":0.0,"d":71542001},{"a":-1,"b":1.6033134,"c":24.00003,"d":20010}],"age":31,"gender":"M","height":182.5,"stepCount":324,"weight":90.0}