{"activityLevel":180004,"activityList":[{"a":7002,"b":173.0,"c":0.0,"d":716142},{"a":15002,"b":560.0,"c":0.0,"d":4618536},{"a":-1,"b":18.18959,"c":276.53137,"d":218528}],"age":31,"gender":"M","height":182.5,"stepCount":1144,"weight":90.0}