{"activityLevel":180004,"activityList":[{"a":0,"b":179.30002,"c":0.0,"d":1609520},{"a":-1,"b":66.94974,"c":955.4996,"d":682644}],"age":31,"gender":"M","height":182.5,"stepCount":2491,"weight":90.0}