{"activityLevel":180004,"activityList":[{"activeTime":983919,"calorie":170.0,"distance":2417.91,"type":1002},{"activeTime":4028498,"calorie":488.0,"distance":0.0,"type":15002},{"activeTime":377762,"calorie":33.257027,"distance":501.73938,"type":-1}],"age":30,"gender":"M","height":182.5,"stepCount":3219,"weight":90.0}