{"activityLevel":180004,"activityList":[{"a":15002,"b":480.0,"c":0.0,"d":3956935},{"a":-1,"b":59.189808,"c":890.19653,"d":734231}],"age":31,"gender":"M","height":182.5,"stepCount":1360,"weight":90.0}