{"activityLevel":180004,"activityList":[{"a":7002,"b":233.0,"c":0.0,"d":964649},{"a":15002,"b":540.0,"c":0.0,"d":4454154},{"a":-1,"b":15.851524,"c":222.90028,"d":161937}],"age":31,"gender":"M","height":182.5,"stepCount":1216,"weight":90.0}