{"activityLevel":180004,"activityList":[{"activeTime":1323440,"calorie":262.65002,"distance":2720.9412,"type":1002},{"activeTime":3815780,"calorie":462.0,"distance":0.0,"type":15002},{"activeTime":224612,"calorie":17.138126,"distance":269.4046,"type":-1}],"age":31,"gender":"M","height":182.5,"stepCount":2985,"weight":90.0}