{"activityLevel":180004,"activityList":[{"a":7002,"b":162.0,"c":0.0,"d":671618},{"a":15002,"b":468.0,"c":0.0,"d":3860686},{"a":-1,"b":11.195846,"c":172.08733,"d":142955}],"age":31,"gender":"M","height":182.5,"stepCount":912,"weight":90.0}