{"activityLevel":180004,"activityList":[{"activeTime":778773,"calorie":140.0,"distance":1962.45,"type":1002},{"activeTime":4210339,"calorie":510.0,"distance":0.0,"type":15002},{"activeTime":314769,"calorie":24.408947,"distance":382.74396,"type":-1}],"age":30,"gender":"M","height":182.5,"stepCount":2620,"weight":90.0}