{"activityLevel":180004,"activityList":[{"activeTime":20222828,"calorie":2453.6562,"distance":0.0,"type":15002},{"activeTime":82708,"calorie":6.5835443,"distance":99.20008,"type":-1}],"age":30,"gender":"M","height":182.5,"stepCount":1027,"weight":93.1}