{"activityLevel":180004,"activityList":[{"a":7002,"b":163.0,"c":0.0,"d":675415},{"a":15002,"b":462.0,"c":0.0,"d":3813193},{"a":-1,"b":15.244404,"c":234.52577,"d":192082}],"age":31,"gender":"M","height":182.5,"stepCount":1250,"weight":90.0}