{"activityLevel":180004,"activityList":[{"a":7002,"b":159.0,"c":0.0,"d":656133},{"a":15002,"b":609.0,"c":0.0,"d":5024231},{"a":-1,"b":10.954303,"c":159.65277,"d":129108}],"age":31,"gender":"M","height":182.5,"stepCount":942,"weight":90.0}