{"activityLevel":180004,"activityList":[{"a":7002,"b":155.0,"c":0.0,"d":640098},{"a":15002,"b":508.0,"c":0.0,"d":4188370},{"a":-1,"b":12.949221,"c":201.16306,"d":167719}],"age":32,"gender":"M","height":182.5,"stepCount":884,"weight":90.0}