{"activityLevel":180004,"activityList":[{"a":7002,"b":162.0,"c":0.0,"d":670315},{"a":15002,"b":590.0,"c":0.0,"d":4867532},{"a":-1,"b":27.444277,"c":426.64746,"d":353165}],"age":31,"gender":"M","height":182.5,"stepCount":1296,"weight":90.0}