{"activityLevel":180004,"activityList":[{"activeTime":1286480,"calorie":248.49,"distance":2591.4167,"type":1002},{"activeTime":4308689,"calorie":522.0,"distance":0.0,"type":15002},{"activeTime":85216,"calorie":6.5718336,"distance":102.21295,"type":-1}],"age":31,"gender":"M","height":182.5,"stepCount":2941,"weight":90.0}