{"activityLevel":180004,"activityList":[{"a":-1,"b":46.77449,"c":724.19495,"d":602301}],"age":32,"gender":"M","height":182.5,"stepCount":903,"weight":90.0}