{"activityLevel":180004,"activityList":[{"activeTime":1330040,"calorie":211.45001,"distance":2694.3352,"type":1002},{"activeTime":3067636,"calorie":372.0,"distance":0.0,"type":15002},{"activeTime":201611,"calorie":15.46986,"distance":241.81816,"type":-1}],"age":31,"gender":"M","height":182.5,"stepCount":3005,"weight":90.0}