{"activityLevel":180004,"activityList":[{"a":15002,"b":773.0,"c":0.0,"d":6372605},{"a":-1,"b":2.290056,"c":35.19972,"d":29348}],"age":31,"gender":"M","height":182.5,"stepCount":437,"weight":90.0}