{"activityLevel":180004,"activityList":[{"a":7002,"b":170.0,"c":0.0,"d":701160},{"a":15002,"b":534.0,"c":0.0,"d":4402786},{"a":-1,"b":12.700026,"c":191.12646,"d":157100}],"age":31,"gender":"M","height":182.5,"stepCount":1280,"weight":90.0}