{"activityLevel":180004,"activityList":[{"a":15002,"b":688.0,"c":0.0,"d":5678949},{"a":-1,"b":13.303419,"c":206.07936,"d":171778}],"age":31,"gender":"M","height":182.5,"stepCount":875,"weight":90.0}