{"activityLevel":180004,"activityList":[{"activeTime":1321920,"calorie":260.62003,"distance":2732.3406,"type":1002},{"activeTime":5816775,"calorie":705.0,"distance":0.0,"type":15002},{"activeTime":186144,"calorie":14.300765,"distance":224.48584,"type":-1}],"age":31,"gender":"M","height":182.5,"stepCount":3264,"weight":90.0}