{"activityLevel":180004,"activityList":[{"activeTime":692208,"calorie":138.0,"distance":1882.85,"type":1002},{"activeTime":5088514,"calorie":617.0,"distance":0.0,"type":15002},{"activeTime":375004,"calorie":32.974724,"distance":497.83063,"type":-1}],"age":30,"gender":"M","height":182.5,"stepCount":2679,"weight":90.0}