{"activityLevel":180004,"activityList":[{"a":15002,"b":616.0,"c":0.0,"d":5083927},{"a":-1,"b":11.093003,"c":170.39984,"d":142071}],"age":31,"gender":"M","height":182.5,"stepCount":431,"weight":90.0}