{"activityLevel":180004,"activityList":[{"a":15002,"b":660.0,"c":0.0,"d":5441201},{"a":-1,"b":1.1096039,"c":17.600067,"d":14674}],"age":31,"gender":"M","height":182.5,"stepCount":288,"weight":90.0}