{"activityLevel":180004,"activityList":[{"a":15002,"b":556.0,"c":0.0,"d":4588981},{"a":-1,"b":14.582128,"c":224.69997,"d":186093}],"age":31,"gender":"M","height":182.5,"stepCount":585,"weight":90.0}