{"activityLevel":180004,"activityList":[{"activeTime":848393,"calorie":171.0,"distance":2318.04,"type":1002},{"activeTime":5506664,"calorie":668.0,"distance":0.0,"type":15002},{"activeTime":252748,"calorie":21.830086,"distance":332.49915,"type":-1}],"age":30,"gender":"M","height":182.5,"stepCount":3019,"weight":90.0}