{"activityLevel":180004,"activityList":[{"a":7002,"b":157.0,"c":0.0,"d":650025},{"a":15002,"b":452.0,"c":0.0,"d":3725578},{"a":-1,"b":19.982008,"c":311.81464,"d":259975}],"age":31,"gender":"M","height":182.5,"stepCount":1045,"weight":90.0}