{"activityLevel":180004,"activityList":[{"a":15002,"b":697.0,"c":0.0,"d":5749860},{"a":-1,"b":7.826518,"c":118.09829,"d":95879}],"age":31,"gender":"M","height":182.5,"stepCount":1176,"weight":90.0}