{"activityLevel":180004,"activityList":[{"activeTime":1058240,"calorie":266.25003,"distance":2687.5388,"type":1002},{"activeTime":4349084,"calorie":527.0,"distance":0.0,"type":15002},{"activeTime":133449,"calorie":10.167585,"distance":160.68314,"type":-1}],"age":31,"gender":"M","height":182.5,"stepCount":2913,"weight":90.0}