{"activityLevel":180004,"activityList":[{"a":-1,"b":0.82486165,"c":12.800002,"d":10672}],"age":32,"gender":"M","height":182.5,"stepCount":16,"weight":90.0}