{"activityLevel":180004,"activityList":[{"a":7002,"b":160.0,"c":0.0,"d":663137},{"a":15002,"b":532.0,"c":0.0,"d":4385041},{"a":-1,"b":1.9790835,"c":30.98017,"d":25829}],"age":31,"gender":"M","height":182.5,"stepCount":763,"weight":90.0}