{"activityLevel":180004,"activityList":[{"a":15002,"b":639.0,"c":0.0,"d":5273742},{"a":-1,"b":3.7945075,"c":59.266598,"d":49413}],"age":32,"gender":"M","height":182.5,"stepCount":1484,"weight":90.0}