{"activityLevel":180004,"activityList":[{"activeTime":693138,"calorie":136.0,"distance":1854.87,"type":1002},{"activeTime":4547113,"calorie":551.0,"distance":0.0,"type":15002},{"activeTime":226670,"calorie":20.344326,"distance":318.61584,"type":-1}],"age":30,"gender":"M","height":182.5,"stepCount":2355,"weight":90.0}