{"activityLevel":180004,"activityList":[{"a":15002,"b":635.0,"c":0.0,"d":5234611},{"a":-1,"b":8.230131,"c":125.599724,"d":104719}],"age":31,"gender":"M","height":182.5,"stepCount":389,"weight":90.0}