{"activityLevel":180004,"activityList":[{"a":7002,"b":101.0,"c":0.0,"d":418115},{"a":15002,"b":488.0,"c":0.0,"d":4029918},{"a":-1,"b":12.065077,"c":183.12146,"d":150677}],"age":32,"gender":"M","height":182.5,"stepCount":975,"weight":90.0}