{"activityLevel":180004,"activityList":[{"a":-1,"b":48.298958,"c":736.79474,"d":578805}],"age":31,"gender":"M","height":182.5,"stepCount":903,"weight":90.0}