{"activityLevel":180004,"activityList":[{"a":7002,"b":142.0,"c":0.0,"d":585387},{"a":15002,"b":540.0,"c":0.0,"d":4456458},{"a":-1,"b":11.054888,"c":167.30008,"d":130025}],"age":32,"gender":"M","height":182.5,"stepCount":704,"weight":90.0}