{"activityLevel":180004,"activityList":[{"a":15002,"b":442.0,"c":0.0,"d":3643088},{"a":7002,"b":231.0,"c":0.0,"d":954575},{"a":-1,"b":5.1964555,"c":81.13298,"d":67644}],"age":32,"gender":"M","height":182.5,"stepCount":379,"weight":90.0}