{"activityLevel":180004,"activityList":[{"a":15002,"b":530.0,"c":0.0,"d":4372738},{"a":-1,"b":12.8554535,"c":200.78949,"d":167409}],"age":32,"gender":"M","height":182.5,"stepCount":880,"weight":90.0}