{"activityLevel":180004,"activityList":[{"a":15002,"b":612.0,"c":0.0,"d":5047727},{"a":-1,"b":3.7528892,"c":59.199833,"d":49358}],"age":31,"gender":"M","height":182.5,"stepCount":358,"weight":90.0}