{"activityLevel":180004,"activityList":[{"activeTime":873787,"calorie":170.0,"distance":2320.98,"type":1002},{"activeTime":4831312,"calorie":586.0,"distance":0.0,"type":15002},{"activeTime":295761,"calorie":23.999866,"distance":379.87997,"type":-1}],"age":30,"gender":"M","height":182.5,"stepCount":2862,"weight":90.0}