{"activityLevel":180004,"activityList":[{"a":15002,"b":462.0,"c":0.0,"d":3812455},{"a":-1,"b":8.919842,"c":137.79698,"d":113785}],"age":32,"gender":"M","height":182.5,"stepCount":563,"weight":90.0}