{"activityLevel":180004,"activityList":[{"a":7002,"b":154.0,"c":0.0,"d":636122},{"a":15002,"b":616.0,"c":0.0,"d":5081144},{"a":-1,"b":7.767686,"c":118.07621,"d":92223}],"age":31,"gender":"M","height":182.5,"stepCount":1246,"weight":90.0}