{"activityLevel":180004,"activityList":[{"a":-1,"b":0.7929144,"c":12.000002,"d":10005}],"age":32,"gender":"M","height":182.5,"stepCount":15,"weight":90.0}