{"activityLevel":180004,"activityList":[{"activeTime":897200,"calorie":213.06998,"distance":2156.7856,"type":1002},{"activeTime":4420911,"calorie":536.0,"distance":0.0,"type":15002},{"activeTime":68950,"calorie":5.5249586,"distance":85.11842,"type":-1}],"age":30,"gender":"M","height":182.5,"stepCount":2444,"weight":90.0}