{"activityLevel":180004,"activityList":[{"activeTime":1337040,"calorie":258.94998,"distance":2660.6475,"type":1002},{"activeTime":472316,"calorie":38.254715,"distance":583.02295,"type":-1}],"age":31,"gender":"M","height":182.5,"stepCount":3356,"weight":90.0}