{"activityLevel":180004,"activityList":[{"a":15002,"b":663.0,"c":0.0,"d":5470600},{"a":-1,"b":13.751807,"c":213.90048,"d":177822}],"age":31,"gender":"M","height":182.5,"stepCount":1391,"weight":90.0}