{"activityLevel":180004,"activityList":[{"a":11007,"b":198.0,"c":0.0,"d":998611},{"a":15002,"b":412.0,"c":0.0,"d":3397755},{"a":-1,"b":9.548658,"c":147.89967,"d":120726}],"age":31,"gender":"M","height":182.5,"stepCount":562,"weight":90.0}