{"activityLevel":180004,"activityList":[{"a":-1,"b":22.153713,"c":329.59982,"d":251555}],"age":31,"gender":"M","height":182.5,"stepCount":400,"weight":90.0}