{"activityLevel":180004,"activityList":[{"activeTime":3737057,"calorie":453.0,"distance":0.0,"type":15002},{"activeTime":1286880,"calorie":255.65001,"distance":2603.2485,"type":1002},{"activeTime":302795,"calorie":23.276907,"distance":363.79474,"type":-1}],"age":32,"gender":"M","height":182.5,"stepCount":3028,"weight":90.0}