{"activityLevel":180004,"activityList":[{"a":-1,"b":33.09361,"c":504.49817,"d":411802}],"age":32,"gender":"M","height":182.5,"stepCount":625,"weight":90.0}