{"activityLevel":180004,"activityList":[{"activeTime":844431,"calorie":138.0,"distance":1980.59,"type":1002},{"activeTime":4237724,"calorie":514.0,"distance":0.0,"type":15002},{"activeTime":144790,"calorie":11.352245,"distance":174.29303,"type":-1}],"age":30,"gender":"M","height":182.5,"stepCount":2976,"weight":90.0}