{"activityLevel":180004,"activityList":[{"a":15002,"b":2376.7534,"c":0.0,"d":19590399},{"a":-1,"b":41.78118,"c":642.99603,"d":515180}],"age":31,"gender":"M","height":182.5,"stepCount":1203,"weight":90.0}