{"activityLevel":180004,"activityList":[{"activeTime":955021,"calorie":182.0,"distance":2504.94,"type":1002},{"activeTime":5146677,"calorie":624.0,"distance":0.0,"type":15002},{"activeTime":341875,"calorie":28.074333,"distance":436.82416,"type":-1}],"age":30,"gender":"M","height":182.5,"stepCount":3177,"weight":90.0}