{"activityLevel":180004,"activityList":[{"activeTime":4074427,"calorie":494.0,"distance":0.0,"type":15002},{"activeTime":1482080,"calorie":348.39996,"distance":3556.5308,"type":1002},{"activeTime":287592,"calorie":22.777744,"distance":351.59045,"type":-1}],"age":32,"gender":"M","height":182.5,"stepCount":3982,"weight":90.0}