{"activityLevel":180004,"activityList":[{"a":7002,"b":213.0,"c":0.0,"d":878532},{"a":15002,"b":532.0,"c":0.0,"d":4389528},{"a":-1,"b":11.367252,"c":176.56345,"d":146708}],"age":31,"gender":"M","height":182.5,"stepCount":1316,"weight":90.0}