{"activityLevel":180004,"activityList":[{"a":15002,"b":785.0,"c":0.0,"d":6473689},{"a":-1,"b":26.356579,"c":408.44562,"d":339292}],"age":31,"gender":"M","height":182.5,"stepCount":880,"weight":90.0}