{"activityLevel":180004,"activityList":[{"a":-1,"b":51.472645,"c":790.89355,"d":645782}],"age":32,"gender":"M","height":182.5,"stepCount":983,"weight":90.0}