{"activityLevel":180004,"activityList":[{"a":15002,"b":548.0,"c":0.0,"d":4517016},{"a":-1,"b":17.517397,"c":263.29993,"d":206497}],"age":31,"gender":"M","height":182.5,"stepCount":458,"weight":90.0}