{"activityLevel":180004,"activityList":[{"a":15002,"b":599.0,"c":0.0,"d":4937785},{"a":-1,"b":6.5891843,"c":103.11069,"d":85969}],"age":32,"gender":"M","height":182.5,"stepCount":911,"weight":90.0}