{"activityLevel":180004,"activityList":[{"a":15002,"b":531.0,"c":0.0,"d":4378097},{"a":7002,"b":83.0,"c":0.0,"d":342062},{"a":-1,"b":21.320467,"c":313.34796,"d":235522}],"age":32,"gender":"M","height":182.5,"stepCount":980,"weight":90.0}