{"activityLevel":180004,"activityList":[{"a":15002,"b":577.0,"c":0.0,"d":4762958},{"a":-1,"b":6.16051,"c":94.87006,"d":78719}],"age":32,"gender":"M","height":182.5,"stepCount":505,"weight":90.0}