{"activityLevel":180004,"activityList":[{"activeTime":651140,"calorie":129.0,"distance":1761.57,"type":1002},{"activeTime":4085089,"calorie":495.0,"distance":0.0,"type":15002},{"activeTime":552896,"calorie":48.795418,"distance":741.52856,"type":-1}],"age":30,"gender":"M","height":182.5,"stepCount":2672,"weight":90.0}