{"activityLevel":180004,"activityList":[{"a":7002,"b":219.0,"c":0.0,"d":905162},{"a":15002,"b":298.0,"c":0.0,"d":2458493},{"a":-1,"b":8.014273,"c":116.12887,"d":89799}],"age":31,"gender":"M","height":182.5,"stepCount":771,"weight":90.0}