{"activityLevel":180004,"activityList":[{"a":15002,"b":650.0,"c":0.0,"d":5364791},{"a":-1,"b":22.058441,"c":344.12573,"d":281624}],"age":31,"gender":"M","height":182.5,"stepCount":818,"weight":90.0}