{"activityLevel":180004,"activityList":[{"a":7002,"b":158.0,"c":0.0,"d":652520},{"a":15002,"b":634.0,"c":0.0,"d":5229300},{"a":-1,"b":13.461045,"c":207.80498,"d":173256}],"age":31,"gender":"M","height":182.5,"stepCount":1316,"weight":90.0}