{"activityLevel":180004,"activityList":[{"a":15002,"b":2367.7847,"c":0.0,"d":19511360},{"a":-1,"b":4.3280716,"c":67.759285,"d":56494}],"age":32,"gender":"M","height":182.5,"stepCount":593,"weight":90.0}