{"activityLevel":180004,"activityList":[{"activeTime":961777,"calorie":185.0,"distance":2531.36,"type":1002},{"activeTime":4740452,"calorie":575.0,"distance":0.0,"type":15002},{"activeTime":213398,"calorie":19.415428,"distance":290.84137,"type":-1}],"age":30,"gender":"M","height":182.5,"stepCount":2971,"weight":90.0}