{"activityLevel":180004,"activityList":[{"a":7002,"b":163.0,"c":0.0,"d":673384},{"a":15002,"b":638.0,"c":0.0,"d":5266717},{"a":-1,"b":9.727045,"c":147.02846,"d":116812}],"age":31,"gender":"M","height":182.5,"stepCount":1238,"weight":90.0}