{"activityLevel":180004,"activityList":[{"a":0,"b":357.01523,"c":0.0,"d":3083840},{"a":1001,"b":58.55,"c":830.6792,"d":779920},{"a":-1,"b":148.18689,"c":2266.3037,"d":1723232}],"age":32,"gender":"M","height":182.5,"stepCount":7839,"weight":90.0}