{"activityLevel":180004,"activityList":[{"a":-1,"b":34.25021,"c":520.89813,"d":421271}],"age":32,"gender":"M","height":182.5,"stepCount":644,"weight":90.0}