{"activityLevel":180004,"activityList":[{"a":1001,"b":68.590004,"c":975.2594,"d":848640},{"a":11007,"b":0.0,"c":0.0,"d":3590472},{"a":-1,"b":268.16626,"c":4119.7036,"d":3195642}],"age":32,"gender":"M","height":182.5,"stepCount":10912,"weight":90.0}