{"activityLevel":180004,"activityList":[{"activeTime":1298160,"calorie":269.29996,"distance":2751.44,"type":1002},{"activeTime":4745670,"calorie":575.0,"distance":0.0,"type":15002},{"activeTime":171981,"calorie":13.653435,"distance":208.23131,"type":-1}],"age":31,"gender":"M","height":182.5,"stepCount":3142,"weight":90.0}