{"activityLevel":180004,"activityList":[{"a":15002,"b":552.0,"c":0.0,"d":4554987},{"a":-1,"b":9.37196,"c":144.00003,"d":120060}],"age":32,"gender":"M","height":182.5,"stepCount":354,"weight":90.0}