{"activityLevel":180004,"activityList":[{"a":15002,"b":2392.3613,"c":0.0,"d":19719228},{"a":-1,"b":4.8625026,"c":76.79999,"d":64032}],"age":31,"gender":"M","height":182.5,"stepCount":369,"weight":90.0}