{"activityLevel":180004,"activityList":[{"activeTime":1300176,"calorie":331.00604,"distance":3363.441,"type":1002},{"activeTime":46522,"calorie":3.7929306,"distance":57.021866,"type":-1}],"age":28,"gender":"M","height":182.5,"stepCount":3162,"weight":93.1}