{"activityLevel":180004,"activityList":[{"a":15002,"b":601.0,"c":0.0,"d":4954284},{"a":-1,"b":19.11493,"c":295.36502,"d":246011}],"age":31,"gender":"M","height":182.5,"stepCount":1020,"weight":90.0}