{"activityLevel":180004,"activityList":[{"a":-1,"b":61.389774,"c":933.79193,"d":722418}],"age":31,"gender":"M","height":182.5,"stepCount":1141,"weight":90.0}