{"activityLevel":180004,"activityList":[{"a":15002,"b":2349.7144,"c":0.0,"d":19364300},{"a":-1,"b":16.368069,"c":254.82668,"d":212461}],"age":31,"gender":"M","height":182.5,"stepCount":781,"weight":90.0}