{"activityLevel":180004,"activityList":[{"a":7002,"b":159.0,"c":0.0,"d":657264},{"a":15002,"b":415.0,"c":0.0,"d":3421872},{"a":-1,"b":9.753954,"c":144.70853,"d":113893}],"age":31,"gender":"M","height":182.5,"stepCount":839,"weight":90.0}