{"activityLevel":180004,"activityList":[{"a":7002,"b":167.0,"c":0.0,"d":690138},{"a":15002,"b":422.0,"c":0.0,"d":3479155},{"a":-1,"b":15.538654,"c":234.71992,"d":184903}],"age":31,"gender":"M","height":182.5,"stepCount":889,"weight":90.0}