{"activityLevel":180004,"activityList":[{"a":15002,"b":554.0,"c":0.0,"d":4571268},{"a":-1,"b":5.2415385,"c":80.59958,"d":66700}],"age":32,"gender":"M","height":182.5,"stepCount":552,"weight":90.0}