{"activityLevel":180004,"activityList":[{"a":7002,"b":160.0,"c":0.0,"d":660308},{"a":15002,"b":402.0,"c":0.0,"d":3315429},{"a":-1,"b":17.448479,"c":271.23172,"d":224377}],"age":31,"gender":"M","height":182.5,"stepCount":947,"weight":90.0}