{"activityLevel":180004,"activityList":[{"a":7002,"b":4445.424,"c":0.0,"d":18320722},{"a":-1,"b":8.227889,"c":127.20015,"d":106053}],"age":31,"gender":"M","height":182.5,"stepCount":925,"weight":90.0}