{"activityLevel":180004,"activityList":[{"a":7002,"b":171.0,"c":0.0,"d":707162},{"a":15002,"b":498.0,"c":0.0,"d":4108328},{"a":-1,"b":27.816917,"c":427.18707,"d":346429}],"age":32,"gender":"M","height":182.5,"stepCount":1211,"weight":90.0}