{"activityLevel":180004,"activityList":[{"a":15002,"b":468.0,"c":0.0,"d":3859752},{"a":-1,"b":15.865474,"c":241.06107,"d":197966}],"age":31,"gender":"M","height":182.5,"stepCount":462,"weight":90.0}