{"activityLevel":180004,"activityList":[{"activeTime":759040,"calorie":71.45,"distance":1022.69586,"type":1001},{"activeTime":1608357,"calorie":195.0,"distance":0.0,"type":15002},{"activeTime":311541,"calorie":26.060984,"distance":392.48544,"type":-1}],"age":30,"gender":"M","height":182.5,"stepCount":3208,"weight":90.0}