{"activityLevel":180004,"activityList":[{"a":15002,"b":696.0,"c":0.0,"d":5743509},{"a":-1,"b":1.5558984,"c":23.999819,"d":20010}],"age":32,"gender":"M","height":182.5,"stepCount":1027,"weight":90.0}