{"activityLevel":180004,"activityList":[{"a":15002,"b":638.0,"c":0.0,"d":5266581},{"a":7002,"b":146.0,"c":0.0,"d":604373},{"a":-1,"b":4.5612907,"c":69.48406,"d":57932}],"age":31,"gender":"M","height":182.5,"stepCount":991,"weight":90.0}