{"activityLevel":180004,"activityList":[{"a":7002,"b":179.0,"c":0.0,"d":741153},{"a":15002,"b":451.0,"c":0.0,"d":3719434},{"a":-1,"b":16.107555,"c":245.55441,"d":197608}],"age":31,"gender":"M","height":182.5,"stepCount":982,"weight":90.0}