{"activityLevel":180004,"activityList":[{"activeTime":991940,"calorie":193.0,"distance":2570.32,"type":1002},{"activeTime":3695233,"calorie":448.0,"distance":0.0,"type":15002},{"activeTime":341759,"calorie":29.857363,"distance":448.64542,"type":-1}],"age":31,"gender":"M","height":182.5,"stepCount":3002,"weight":90.0}