{"activityLevel":180004,"activityList":[{"a":11007,"b":215.0,"c":0.0,"d":1092469},{"a":15002,"b":469.0,"c":0.0,"d":3869570},{"a":-1,"b":20.468513,"c":319.28345,"d":263618}],"age":31,"gender":"M","height":182.5,"stepCount":918,"weight":90.0}