{"activityLevel":180004,"activityList":[{"a":15002,"b":645.0,"c":0.0,"d":5322864},{"a":-1,"b":12.7505455,"c":192.34694,"d":152794}],"age":31,"gender":"M","height":182.5,"stepCount":390,"weight":90.0}