{"activityLevel":180004,"activityList":[{"a":15002,"b":641.0,"c":0.0,"d":5287930},{"a":-1,"b":12.573569,"c":196.95749,"d":164213}],"age":31,"gender":"M","height":182.5,"stepCount":540,"weight":90.0}