{"activityLevel":180004,"activityList":[{"a":-1,"b":22.511454,"c":345.09988,"d":280937}],"age":32,"gender":"M","height":182.5,"stepCount":428,"weight":90.0}