{"activityLevel":180004,"activityList":[{"a":7002,"b":113.0,"c":0.0,"d":468255},{"a":15002,"b":494.0,"c":0.0,"d":4076525},{"a":-1,"b":16.741081,"c":249.03207,"d":197711}],"age":32,"gender":"M","height":182.5,"stepCount":753,"weight":90.0}