{"activityLevel":180004,"activityList":[{"a":15002,"b":662.0,"c":0.0,"d":5456537},{"a":-1,"b":5.235729,"c":81.599754,"d":68034}],"age":31,"gender":"M","height":182.5,"stepCount":368,"weight":90.0}