{"activityLevel":180004,"activityList":[{"a":7002,"b":170.0,"c":0.0,"d":703166},{"a":15002,"b":586.0,"c":0.0,"d":4834034},{"a":-1,"b":6.867821,"c":103.45198,"d":80480}],"age":31,"gender":"M","height":182.5,"stepCount":1145,"weight":90.0}