{"activityLevel":180004,"activityList":[{"activeTime":18736320,"calorie":2273.2969,"distance":0.0,"type":15002},{"activeTime":237579,"calorie":18.44174,"distance":285.39008,"type":-1}],"age":30,"gender":"M","height":182.5,"stepCount":619,"weight":90.0}