{"activityLevel":180004,"activityList":[{"a":0,"b":520.0,"c":0.0,"d":3924371},{"a":-1,"b":7.832361,"c":111.99934,"d":85106}],"age":31,"gender":"M","height":182.5,"stepCount":664,"weight":90.0}