{"activityLevel":180004,"activityList":[{"a":7002,"b":159.0,"c":0.0,"d":657153},{"a":15002,"b":830.0,"c":0.0,"d":6843592},{"a":-1,"b":18.055933,"c":272.69934,"d":213033}],"age":31,"gender":"M","height":182.5,"stepCount":1202,"weight":90.0}