{"activityLevel":180004,"activityList":[{"a":0,"b":269.93997,"c":0.0,"d":2410240},{"a":-1,"b":6.34842,"c":98.11845,"d":81038}],"age":31,"gender":"M","height":182.5,"stepCount":1879,"weight":90.0}