{"activityLevel":180004,"activityList":[{"a":10002,"b":143.0,"c":0.0,"d":643216},{"a":15002,"b":452.0,"c":0.0,"d":3727805},{"a":-1,"b":23.743681,"c":365.91003,"d":304552}],"age":32,"gender":"M","height":182.5,"stepCount":1832,"weight":90.0}