{"activityLevel":180004,"activityList":[{"a":15002,"b":534.0,"c":0.0,"d":4403664},{"a":7002,"b":156.0,"c":0.0,"d":645128},{"a":-1,"b":8.0566025,"c":124.66732,"d":103941}],"age":31,"gender":"M","height":182.5,"stepCount":810,"weight":90.0}