{"activityLevel":180004,"activityList":[{"a":15002,"b":7448.246,"c":0.0,"d":61394055},{"a":-1,"b":6.2809772,"c":97.49692,"d":81288}],"age":31,"gender":"M","height":182.5,"stepCount":793,"weight":90.0}