{"activityLevel":180004,"activityList":[{"activeTime":824735,"calorie":156.0,"distance":2146.07,"type":1002},{"activeTime":146866,"calorie":14.0563135,"distance":212.93964,"type":-1}],"age":30,"gender":"M","height":182.5,"stepCount":2268,"weight":90.0}