{"activityLevel":180004,"activityList":[{"activeTime":4280696,"calorie":519.0,"distance":0.0,"type":15002},{"activeTime":1389600,"calorie":318.36002,"distance":3209.7,"type":1002},{"activeTime":59585,"calorie":4.618744,"distance":71.467316,"type":-1}],"age":32,"gender":"M","height":182.5,"stepCount":3439,"weight":90.0}