{"activityLevel":180004,"activityList":[{"a":15002,"b":743.0,"c":0.0,"d":6128926},{"a":-1,"b":14.142455,"c":215.20065,"d":174752}],"age":31,"gender":"M","height":182.5,"stepCount":1559,"weight":90.0}