{"activityLevel":180004,"activityList":[{"activeTime":1030000,"calorie":199.68,"distance":2120.379,"type":1002},{"activeTime":5008169,"calorie":607.0,"distance":0.0,"type":15002},{"activeTime":178765,"calorie":14.216174,"distance":218.14435,"type":-1}],"age":30,"gender":"M","height":182.5,"stepCount":2584,"weight":90.0}