{"activityLevel":180004,"activityList":[{"activeTime":1020865,"calorie":193.0,"distance":2672.04,"type":1002},{"activeTime":139530,"calorie":13.616941,"distance":214.33907,"type":-1}],"age":30,"gender":"M","height":182.5,"stepCount":2745,"weight":90.0}