{"activityLevel":180004,"activityList":[{"a":7002,"b":157.0,"c":0.0,"d":647150},{"a":15002,"b":2301.8062,"c":0.0,"d":18969480},{"a":-1,"b":13.954767,"c":214.33163,"d":172909}],"age":31,"gender":"M","height":182.5,"stepCount":1079,"weight":90.0}