{"activityLevel":180004,"activityList":[{"activeTime":839014,"calorie":153.0,"distance":2151.47,"type":1002},{"activeTime":4718539,"calorie":572.0,"distance":0.0,"type":15002},{"activeTime":217665,"calorie":21.705242,"distance":320.16556,"type":-1}],"age":30,"gender":"M","height":182.5,"stepCount":2608,"weight":90.0}