{"activityLevel":180004,"activityList":[{"a":7002,"b":241.0,"c":0.0,"d":996508},{"a":15002,"b":552.0,"c":0.0,"d":4554886},{"a":-1,"b":13.731963,"c":210.31592,"d":168749}],"age":31,"gender":"M","height":182.5,"stepCount":1348,"weight":90.0}