{"activityLevel":180004,"activityList":[{"a":7002,"b":183.0,"c":0.0,"d":758173},{"a":15002,"b":425.0,"c":0.0,"d":3510518},{"a":-1,"b":6.2824965,"c":96.92958,"d":80485}],"age":32,"gender":"M","height":182.5,"stepCount":939,"weight":90.0}