{"activityLevel":180004,"activityList":[{"a":7002,"b":200.0,"c":0.0,"d":827993},{"a":15002,"b":568.0,"c":0.0,"d":4684185},{"a":-1,"b":9.993502,"c":141.86783,"d":100014}],"age":31,"gender":"M","height":182.5,"stepCount":1261,"weight":90.0}