{"activityLevel":180004,"activityList":[{"a":15002,"b":569.0,"c":0.0,"d":4690183},{"a":7002,"b":144.0,"c":0.0,"d":597118},{"a":-1,"b":10.931204,"c":168.26956,"d":140293}],"age":31,"gender":"M","height":182.5,"stepCount":700,"weight":90.0}