{"activityLevel":180004,"activityList":[{"a":15002,"b":692.0,"c":0.0,"d":5711585},{"a":-1,"b":4.8557186,"c":75.19974,"d":62698}],"age":32,"gender":"M","height":182.5,"stepCount":1099,"weight":90.0}