{"step_scale_hash":182.5,"step_scale_factor":[1.049,1.078,1.111,1.141,1.139,1.053,1.0,1.0193995,0.98914653,0.9919312,0.989333,0.967,1.0,1.0,1.0,1.0,1.0,1.0,1.0,1.0]}